{"cameraMode":{"drawMode":0,"name":"Shaded","section":"Shading Mode"},"sceneLighting":false,"audioPlay":false,"sceneViewState":{"m_AlwaysRefresh":false,"showFog":true,"showSkybox":false,"showFlares":true,"showImageEffects":true,"showParticleSystems":true,"showVisualEffectGraphs":true,"m_FxEnabled":false},"in2DMode":false,"pivot":{"x":-0.015577007085084916,"y":0.003222828498110175,"z":-0.29503217339515688},"rotation":{"x":0.00882729608565569,"y":0.9433549642562866,"z":0.025185415521264077,"w":-0.33073025941848757},"size":2.173910140991211,"orthographic":false}